<?xml version="1.0" encoding="UTF-8"?>
<AnyConnectProfile xmlns="http://schemas.xmlsoap.org/encoding/" xmlns:xsi="http://www.w3.org/2001/XMLSchema-instance" xsi:schemaLocation="http://schemas.xmlsoap.org/encoding/ AnyConnectProfile.xsd">
	<ClientInitialization>
		<UseStartBeforeLogon UserControllable="true">false</UseStartBeforeLogon>
		<AutomaticCertSelection UserControllable="true">false</AutomaticCertSelection>
		<ShowPreConnectMessage>false</ShowPreConnectMessage>
		<CertificateStore>User</CertificateStore>
        <CertificateStoreOverride>false</CertificateStoreOverride>
        <CertificateMatch>
            <DistinguishedName>
                <DistinguishedNameDefinition Operator="Equal" Wildcard="Enabled" MatchCase="Enabled">
                    <Name>ISSUER-CN</Name>
                    <Pattern>Santander Issuer</Pattern>
                </DistinguishedNameDefinition>
            </DistinguishedName>
        </CertificateMatch>
		<ProxySettings>Native</ProxySettings>
		<AllowLocalProxyConnections>true</AllowLocalProxyConnections>
		<AuthenticationTimeout>60</AuthenticationTimeout>
		<AutoConnectOnStart UserControllable="true">false</AutoConnectOnStart>
		<MinimizeOnConnect UserControllable="true">true</MinimizeOnConnect>
		<LocalLanAccess UserControllable="true">false</LocalLanAccess>
		<DisableCaptivePortalDetection UserControllable="true">false</DisableCaptivePortalDetection>
		<ClearSmartcardPin UserControllable="true">true</ClearSmartcardPin>
		<IPProtocolSupport>IPv4,IPv6</IPProtocolSupport>
		<AutoReconnect UserControllable="false">true
			<AutoReconnectBehavior UserControllable="false">ReconnectAfterResume</AutoReconnectBehavior>
		</AutoReconnect>
		<AutoUpdate UserControllable="false">true</AutoUpdate>
		<RSASecurIDIntegration UserControllable="false">Automatic</RSASecurIDIntegration>
		<WindowsLogonEnforcement>SingleLocalLogon</WindowsLogonEnforcement>
		<WindowsVPNEstablishment>AllowRemoteUsers</WindowsVPNEstablishment>
		<AutomaticVPNPolicy>false</AutomaticVPNPolicy>
		<PPPExclusion UserControllable="false">Disable
			<PPPExclusionServerIP UserControllable="false"></PPPExclusionServerIP>
		</PPPExclusion>
		<EnableScripting UserControllable="false">false</EnableScripting>
		<EnableAutomaticServerSelection UserControllable="false">false
			<AutoServerSelectionImprovement>20</AutoServerSelectionImprovement>
			<AutoServerSelectionSuspendTime>4</AutoServerSelectionSuspendTime>
		</EnableAutomaticServerSelection>
		<RetainVpnOnLogoff>false
		</RetainVpnOnLogoff>
		<AllowManualHostInput>true</AllowManualHostInput>
	</ClientInitialization>
	<ServerList>
		<HostEntry>
			<HostName>SGT VDI VPN</HostName>
			<HostAddress>vpnvdi.santanderglobaltech.com</HostAddress>
			<UserGroup>SAML_MFA</UserGroup>
		</HostEntry>
	</ServerList>
</AnyConnectProfile>
